{"name":"t:sections.footer.name","type":"footer","sections":{"footer":{"type":"footer","blocks":{"text_NKkpeF":{"type":"text","settings":{"heading":"Does this really work?","subtext":"<p>You don't need to worry about if this is legit or not. We are an offical registered business and have alot of happy customers. We will always do our best to support you on the way of starting a reselling business.<\/p>"}},"text_Ep7469":{"type":"text","settings":{"heading":"Need Help?","subtext":"<p>Feel free to contact us by filling out our <a href=\"\/pages\/contact\" title=\"Contact\">contact form<\/a> or Send us an Email at: contact@resell-depot.com<br\/>We Usally answer in between 6-24 hours.<br\/>You can also DM us on social media.<\/p>"}},"link_list_MNBwVt":{"type":"link_list","settings":{"heading":"More Information","menu":"footer"}}},"block_order":["text_NKkpeF","text_Ep7469","link_list_MNBwVt"],"settings":{"color_scheme":"scheme-3","newsletter_enable":false,"newsletter_heading":"Subscribe to our emails","enable_follow_on_shop":true,"show_social":true,"enable_country_selector":true,"enable_language_selector":true,"payment_enable":true,"show_policy":true,"margin_top":0,"padding_top":36,"padding_bottom":36}}},"order":["footer"]}