{"name":"t:sections.header.name","type":"header","sections":{"announcement-bar":{"type":"announcement-bar","blocks":{"announcement-bar-0":{"type":"announcement","settings":{"text":"Premium Resell Retail | New Links weekly 📢","link":"shopify:\/\/collections\/all"}},"announcement_KeDhDC":{"type":"announcement","settings":{"text":"Summer Sale Ending this Month ⏰","link":"shopify:\/\/collections\/all"}},"announcement_678qXz":{"type":"announcement","settings":{"text":"4000+ Happy Customers ❤️","link":"shopify:\/\/collections\/all"}}},"block_order":["announcement-bar-0","announcement_KeDhDC","announcement_678qXz"],"settings":{"color_scheme":"scheme-3","show_line_separator":true,"show_social":false,"auto_rotate":true,"change_slides_speed":5,"enable_country_selector":false,"enable_language_selector":false}},"header":{"type":"header","settings":{"logo_position":"middle-center","menu":"main-menu","menu_type_desktop":"dropdown","sticky_header_type":"on-scroll-up","show_line_separator":true,"color_scheme":"scheme-1","menu_color_scheme":"scheme-1","enable_country_selector":true,"enable_language_selector":true,"enable_customer_avatar":true,"mobile_logo_position":"center","margin_bottom":0,"padding_top":20,"padding_bottom":20}}},"order":["announcement-bar","header"]}