{"sections":{"rich_text_YPqVcf":{"type":"rich-text","blocks":{"heading_QYXVNQ":{"type":"heading","settings":{"heading":"<strong>What do we offer?<\/strong>","heading_size":"h2"}},"text_Qt6hj8":{"type":"text","settings":{"text":"<p>✅ <strong>1:1 Product<\/strong> Suppliers with original packaging and valid serial numbers.<\/p><p>✅ These are the <strong>same suppliers<\/strong> we used to build our reselling business.<\/p><p>✅ Get a <strong>Free<\/strong> Reselling <strong>Tutorial <\/strong>PDF for every Purchase you do.<\/p>"}},"button_keDGA4":{"type":"button","settings":{"button_label":"See All Products","button_link":"shopify:\/\/collections\/all","button_style_secondary":false,"button_label_2":"How does it work?","button_link_2":"shopify:\/\/pages\/faq","button_style_secondary_2":true}}},"block_order":["heading_QYXVNQ","text_Qt6hj8","button_keDGA4"],"settings":{"desktop_content_position":"center","content_alignment":"center","color_scheme":"","full_width":true,"padding_top":40,"padding_bottom":20}},"featured_collection":{"type":"featured-collection","settings":{"title":"<strong>Bestsellers<\/strong>","heading_size":"h2","description":"","show_description":false,"description_style":"body","collection":"bestseller","products_to_show":25,"columns_desktop":4,"full_width":false,"show_view_all":true,"view_all_style":"solid","enable_desktop_slider":true,"color_scheme":"scheme-1","image_ratio":"adapt","image_shape":"default","show_secondary_image":true,"show_vendor":false,"show_rating":true,"quick_add":"none","columns_mobile":"2","swipe_on_mobile":true,"padding_top":40,"padding_bottom":36}},"image_banner_dUzYyi":{"type":"image-banner","blocks":{"heading_GErBf3":{"type":"heading","settings":{"heading":"Get Started","heading_size":"h1"}},"buttons_cqLKwc":{"type":"buttons","settings":{"button_label_1":"Browse All Products","button_link_1":"shopify:\/\/collections\/all","button_style_secondary_1":false,"button_label_2":"More Information","button_link_2":"shopify:\/\/pages\/faq","button_style_secondary_2":true}}},"block_order":["heading_GErBf3","buttons_cqLKwc"],"settings":{"image":"shopify:\/\/shop_images\/IMG_2929.heic","image_overlay_opacity":60,"image_height":"small","desktop_content_position":"middle-center","show_text_box":false,"desktop_content_alignment":"center","color_scheme":"scheme-3","image_behavior":"none","mobile_content_alignment":"center","stack_images_on_mobile":true,"show_text_below":false}},"featured_collection_imhii4":{"type":"featured-collection","settings":{"title":"<strong>Bundles<\/strong>","heading_size":"h2","description":"","show_description":false,"description_style":"body","collection":"frontpage","products_to_show":4,"columns_desktop":4,"full_width":false,"show_view_all":true,"view_all_style":"solid","enable_desktop_slider":false,"color_scheme":"","image_ratio":"adapt","image_shape":"default","show_secondary_image":false,"show_vendor":false,"show_rating":false,"quick_add":"none","columns_mobile":"2","swipe_on_mobile":false,"padding_top":36,"padding_bottom":36}},"multicolumn_jh3WFf":{"type":"multicolumn","blocks":{"column_TR8LLJ":{"type":"column","settings":{"title":"<strong>Confirm Order<\/strong>","text":"<p>Set an Order on our Website to receive the vendor and get your replicated items from the vendor.<\/p>","link_label":"","link":""}},"column_HBDKBY":{"type":"column","settings":{"title":"<strong>Sell on marketplaces like:<\/strong>","text":"<p>After you have received your 1:1 Products list them on marketplaces like: Ebay, Offerup, Craigslist, Facebook Marketplace.<\/p>","link_label":"","link":""}},"column_j6cjew":{"type":"column","settings":{"title":"<strong>Ship or Meet-up<\/strong>","text":"<p>From now on if a customer buys either ship trough your local post office or meet up and sell your Item.<\/p>","link_label":"","link":""}}},"block_order":["column_TR8LLJ","column_HBDKBY","column_j6cjew"],"settings":{"title":"<strong>How does it Work?<\/strong>","heading_size":"h1","image_width":"full","image_ratio":"adapt","columns_desktop":3,"column_alignment":"left","background_style":"primary","button_label":"Take your first Step","button_link":"shopify:\/\/collections\/all","color_scheme":"","columns_mobile":"1","swipe_on_mobile":false,"padding_top":36,"padding_bottom":36}},"rich_text_6r9yRb":{"type":"rich-text","blocks":{"heading_q37VQy":{"type":"heading","settings":{"heading":"<strong>Our Mission<\/strong>","heading_size":"h1"}},"text_Rngrf3":{"type":"text","settings":{"text":"<p>At Resell-Depot, our mission is to streamline reselling by providing exclusive, digital vendor links to high-quality products. We aim to help resellers save money and boost profits by offering direct access to trusted suppliers, bypassing inflated dropshipping prices. Our goal is to make your reselling journey more efficient and profitable.<\/p>"}},"button_Kka9pj":{"type":"button","settings":{"button_label":"See All Products","button_link":"shopify:\/\/collections\/all","button_style_secondary":false,"button_label_2":"","button_link_2":"","button_style_secondary_2":false}}},"block_order":["heading_q37VQy","text_Rngrf3","button_Kka9pj"],"disabled":true,"settings":{"desktop_content_position":"center","content_alignment":"center","color_scheme":"","full_width":true,"padding_top":40,"padding_bottom":52}},"featured_product_q9BMtr":{"type":"featured-product","blocks":{"title_WqJgzW":{"type":"title","settings":{"heading_size":"h1"}},"price_qTUTLt":{"type":"price","settings":{}},"variant_picker_BGEYzA":{"type":"variant_picker","settings":{"picker_type":"button","swatch_shape":"circle"}},"quantity_selector_LW3M6J":{"type":"quantity_selector","settings":{}},"buy_buttons_CHbC8X":{"type":"buy_buttons","settings":{"show_dynamic_checkout":false,"show_gift_card_recipient":true}},"share_P4WXWr":{"type":"share","disabled":true,"settings":{"share_label":"Share"}},"icon_with_text_caVqAD":{"type":"icon-with-text","settings":{"layout":"horizontal","icon_1":"check_mark","heading_1":"Full 1:1 Replica","icon_2":"box","heading_2":"Original Packaging","icon_3":"clipboard","heading_3":"Valid Serial Number"}}},"block_order":["title_WqJgzW","price_qTUTLt","variant_picker_BGEYzA","quantity_selector_LW3M6J","buy_buttons_CHbC8X","share_P4WXWr","icon_with_text_caVqAD"],"settings":{"product":"all-vendors-bundle-save-75","color_scheme":"","secondary_background":false,"media_size":"medium","constrain_to_viewport":true,"media_fit":"contain","media_position":"left","image_zoom":"lightbox","hide_variants":false,"enable_video_looping":false,"padding_top":36,"padding_bottom":36}},"rich_text_gPGeFy":{"type":"rich-text","blocks":{"heading_kHyQmB":{"type":"heading","settings":{"heading":"Disclaimer","heading_size":"h1"}},"text_UkqUiN":{"type":"text","settings":{"text":"<p>Resell depot does not sell physical products. We only sell digital products wich are links of the acutal supplier wich you can use as often as you want to order the items for the production price. Please also note that this purchases are not refundable as they are digital and after the payment was made the file will get sent automatically.<\/p>"}}},"block_order":["heading_kHyQmB","text_UkqUiN"],"settings":{"desktop_content_position":"center","content_alignment":"center","color_scheme":"","full_width":true,"padding_top":40,"padding_bottom":52}},"image_with_text_gKV3Mj":{"type":"image-with-text","blocks":{"heading_A7gF6U":{"type":"heading","settings":{"heading":"Our Story","heading_size":"h1"}},"text_yMEELU":{"type":"text","settings":{"text":"<p>We also started at some point where we were 2 brothers always looking for new ways of making Money. Take the Chance that we provide! Reselling is an opportunity wich makes Money making accessible for everyone. Read More -&gt; <a href=\"\/pages\/about-us\" title=\"About Us\">About Us<\/a><\/p>","text_style":"body"}}},"block_order":["heading_A7gF6U","text_yMEELU"],"settings":{"image":"shopify:\/\/shop_images\/IMG-20240915-WA0020.jpg","height":"adapt","desktop_image_width":"small","layout":"text_first","desktop_content_position":"top","desktop_content_alignment":"left","content_layout":"no-overlap","section_color_scheme":"","color_scheme":"","image_behavior":"none","mobile_content_alignment":"left","padding_top":36,"padding_bottom":36}},"1726494964485f35b5":{"type":"apps","blocks":{"judge_me_reviews_featured_carousel_DNkPhG":{"type":"shopify:\/\/apps\/judge-me-reviews\/blocks\/featured_carousel\/61ccd3b1-a9f2-4160-9fe9-4fec8413e5d8","settings":{"maxwidth":1080}}},"block_order":["judge_me_reviews_featured_carousel_DNkPhG"],"settings":{"include_margins":true}},"1726495703deec5fd4":{"type":"apps","settings":{"include_margins":true}}},"order":["rich_text_YPqVcf","featured_collection","image_banner_dUzYyi","featured_collection_imhii4","multicolumn_jh3WFf","rich_text_6r9yRb","featured_product_q9BMtr","rich_text_gPGeFy","image_with_text_gKV3Mj","1726494964485f35b5","1726495703deec5fd4"]}