{"sections":{"main":{"type":"main-product","blocks":{"title":{"type":"title","settings":{}},"judge_me_reviews_preview_badge_NUMrBR":{"type":"shopify:\/\/apps\/judge-me-reviews\/blocks\/preview_badge\/61ccd3b1-a9f2-4160-9fe9-4fec8413e5d8","settings":{}},"price":{"type":"price","settings":{}},"variant_picker":{"type":"variant_picker","settings":{"picker_type":"button","swatch_shape":"circle"}},"quantity_selector":{"type":"quantity_selector","settings":{}},"buy_buttons":{"type":"buy_buttons","settings":{"show_dynamic_checkout":true,"show_gift_card_recipient":true}},"icon_with_text_HhLyLy":{"type":"icon-with-text","settings":{"layout":"horizontal","icon_1":"check_mark","heading_1":"1:1 Quality Replica","icon_2":"box","heading_2":"Original Packaging","icon_3":"clipboard","heading_3":"Valid Serial Number"}},"description":{"type":"description","settings":{}},"collapsible_tab_93QGFR":{"type":"collapsible_tab","settings":{"heading":"How is this product so cheap?","icon":"eye","content":"<p>Because its only a 1:1 Replica. Replicated to look, work and feel the same. It even has the exact same packaging and valid serial numbers. Resell Depot stands for the lowest prices on the market and we can guarantee that our Website gives you the lowest prices possible.<\/p>","page":""}},"collapsible_tab_dHpAXg":{"type":"collapsible_tab","settings":{"heading":"What happens after i purchase?","icon":"clipboard","content":"<p>You will get an Email confirmation of the products you have purchased. And your resell journey has officially started.<\/p>","page":""}},"collapsible_tab_9ayGVK":{"type":"collapsible_tab","settings":{"heading":"What if i need Help after i purchase?","icon":"chat_bubble","content":"<p>Feel free to contact our suport team by filling out the <a href=\"\/pages\/contact\" title=\"Contact\">contact form<\/a> or using the livechat in the bottom right corner of our Website<\/p>","page":""}},"share":{"type":"share","settings":{"share_label":"Share"}}},"block_order":["title","judge_me_reviews_preview_badge_NUMrBR","price","variant_picker","quantity_selector","buy_buttons","icon_with_text_HhLyLy","description","collapsible_tab_93QGFR","collapsible_tab_dHpAXg","collapsible_tab_9ayGVK","share"],"settings":{"enable_sticky_info":true,"color_scheme":"scheme-1","media_size":"large","constrain_to_viewport":true,"media_fit":"contain","gallery_layout":"stacked","media_position":"left","image_zoom":"lightbox","mobile_thumbnails":"hide","hide_variants":true,"enable_video_looping":false,"padding_top":36,"padding_bottom":12}},"related-products":{"type":"related-products","settings":{"heading":"You may also like","heading_size":"h2","products_to_show":4,"columns_desktop":4,"color_scheme":"scheme-1","image_ratio":"square","image_shape":"default","show_secondary_image":true,"show_vendor":false,"show_rating":false,"columns_mobile":"2","padding_top":36,"padding_bottom":28}},"17264946309e4b78a7":{"type":"apps","settings":{"include_margins":true}},"17296250719d6441bc":{"type":"apps","blocks":{"judge_me_reviews_review_widget_x8Hfzz":{"type":"shopify:\/\/apps\/judge-me-reviews\/blocks\/review_widget\/61ccd3b1-a9f2-4160-9fe9-4fec8413e5d8","settings":{}}},"block_order":["judge_me_reviews_review_widget_x8Hfzz"],"settings":{"include_margins":true}}},"order":["main","related-products","17264946309e4b78a7","17296250719d6441bc"]}