{"sections":{"main":{"type":"main-page","settings":{"padding_top":28,"padding_bottom":28}},"collapsible_content_c76QaP":{"type":"collapsible-content","blocks":{"collapsible_row_63bawr":{"type":"collapsible_row","settings":{"heading":"How does this work?","icon":"question_mark","row_content":"<p>We work together with the best suppliers who are focused on replicating trending products in a way where no one can notice its not an original. These items can be easily Resold on plattforms like ebay and facebook marketplace and make you alot of profit. Every purchase includes an free Reselling tutorial PDF so you will know how to sell this items for sure. <\/p>","page":""}},"collapsible_row_KPjf3d":{"type":"collapsible_row","settings":{"heading":"How is this Product so Cheap?","icon":"question_mark","row_content":"<p>Because its only a 1:1 Replica. Replicated to look, work and feel the same. It even has the exact same packaging and valid serial numbers. Resell Depot stands for the lowest prices on the market and we can guarantee that our Website gives you the lowest prices possible.<\/p>","page":""}},"collapsible_row_djkDN3":{"type":"collapsible_row","settings":{"heading":"How do i know this is not a Scam?","icon":"question_mark","row_content":"<p>Its understandable that people might suspect our site as a scam as it seems to good to be true. But there is defenitely no Reason to worry! We are an official registered Business and our website exists since over 2 Years. We have almost 5000 Customers of wich are 99% Happy Customers. We also have a 24\/7 Support wich you can <a href=\"\/pages\/contact\" title=\"Contact\">contact<\/a> any Time if you need Help.<\/p>","page":""}},"collapsible_row_qnwhJm":{"type":"collapsible_row","settings":{"heading":"Where can i find your Reviews?","icon":"question_mark","row_content":"<p>Under Every Product you can see all the reviews to that specific Product. But also if you go to our Homepage and scroll all the way down you can see all Reviews.<\/p>","page":""}},"collapsible_row_tpDGmJ":{"type":"collapsible_row","settings":{"heading":"What happens after i Purchase?","icon":"question_mark","row_content":"<p>After you Purchase you will instanlty get an Email Confirmation with the goods you have purchased. Your reselling journey is about to start...<\/p>","page":""}},"collapsible_row_jqxQn8":{"type":"collapsible_row","settings":{"heading":"In Wich ways can i contact you?","icon":"question_mark","row_content":"<p>Use the livechat in the bottom right corner. we usually answer in a few minutes. You can also fill out our <a href=\"\/pages\/contact\" title=\"Contact\">Contact Form<br\/><\/a>OR write us an E-Mail at: contact@resell-depot.com<br\/><\/p>","page":""}},"collapsible_row_C9B6TP":{"type":"collapsible_row","settings":{"heading":"How can i work with you?","icon":"question_mark","row_content":"<p>We are working on an affiliate program right now. If you are looking to make an serious income online message our instagram and we will teach you on how to promote our store and we will track every Sale you make  and give you a 50% Split of that wich can be payed out monthly or even Daily<\/p>","page":""}},"collapsible_row_wRhnWG":{"type":"collapsible_row","settings":{"heading":"Where can i learn more about your Story","icon":"question_mark","row_content":"<p>Visit our <a href=\"\/pages\/about-us\" title=\"About Us\">About Us<\/a> page<\/p>","page":""}}},"block_order":["collapsible_row_63bawr","collapsible_row_KPjf3d","collapsible_row_djkDN3","collapsible_row_qnwhJm","collapsible_row_tpDGmJ","collapsible_row_jqxQn8","collapsible_row_C9B6TP","collapsible_row_wRhnWG"],"settings":{"caption":"","heading":"Frequently asked Questions","heading_size":"h1","heading_alignment":"center","layout":"none","color_scheme":"","container_color_scheme":"","open_first_collapsible_row":false,"image_ratio":"adapt","desktop_layout":"image_second","padding_top":36,"padding_bottom":36}}},"order":["main","collapsible_content_c76QaP"]}